customer_id,name,dob,kyc_status,email,phone,address,country
C-1000,Allison Hill,11/03/1959,ACTIVE,rhodespatricia@garza.com,338-908-3863,"26542 Susan Junction Apt. 161, Melanieview, AZ 96148",Kuwait
C-1001,Valerie Gray,03/21/1982,ACTIVE,barbara10@hotmail.com,413.164.7525,"192 Frank Light Suite 835, East Lydiamouth, KY 09176",Croatia
C-1002,Latoya Robbins,02/13/1959,PENDING,pwilkerson@yahoo.com,(423)884-9696,"710 Eric Estate, Carlsonfurt, PA 61849",Malta
C-1003,Juan Dunlap,12/11/1990,BLOCKED,kayla51@graham-chavez.com,281.489.3252x88095,"4303 Christopher Oval, Port Amandaberg, TN 62797",Yemen
C-1004,Deborah Brennan,06/12/1973,BLOCKED,jenniferross@santos.com,315.098.3930,"10518 Joshua Oval, New David, OK 76026",Lebanon
C-1005,John Russell,01/26/1951,BLOCKED,agomez@shields-brown.com,6513338726,"17810 Tanya Terrace Apt. 267, Lewisfurt, AR 22080",Hong Kong
C-1006,James House,01/29/1998,ACTIVE,rodney87@gmail.com,430.980.5009,"81219 Emma Freeway, Wilsonshire, OR 78425",Armenia
C-1007,Jennifer Silva,03/23/1980,ACTIVE,james53@yahoo.com,(247)510-7991x1838,"35427 Carr Valley Apt. 841, West Darrell, WA 73013",Cape Verde
C-1008,Larry Robbins,07/04/1958,VERIFIED,dking@gmail.com,+1-640-052-4278x6801,"059 Russell Canyon, Michaelton, MI 28036",Pitcairn Islands
C-1009,Brian Deleon,10/25/2004,ACTIVE,sarayoung@gmail.com,(602)563-4216,"37543 Andrew Fields Suite 541, Michaelhaven, TX 70783",Greenland
C-1010,Ashley Waller,10/20/1956,ACTIVE,rodriguezryan@hotmail.com,698-169-3406x08835,"514 Estrada Islands Suite 482, South Elizabeth, TX 98560",United Kingdom
C-1011,Keith Sullivan,05/21/2001,ACTIVE,justin69@pena.com,721.489.5134x33200,"176 Jennifer Lights Suite 632, Port Michelleville, NE 29184",Christmas Island
C-1012,Melissa Marshall,08/01/1982,BLOCKED,bryantlaurie@schmidt.info,+1-868-727-7434x873,"434 Flores Plains, East Edwardfurt, FL 93092",Croatia
C-1013,Jason Daniels,12/11/1972,BLOCKED,marissaprice@shah.org,(705)466-8893x7346,"6272 Rebecca Ramp Apt. 162, Whiteview, MD 28243",Korea
C-1014,Philip Gray,10/29/1995,ACTIVE,mary70@hotmail.com,+1-053-100-3309,"1937 Wang Expressway, Port Loriport, OR 03866",Vanuatu
C-1015,Michael Rubio,08/23/1971,BLOCKED,vargasmaria@garcia.org,905-865-1850,"65726 Jessica Run Suite 987, Grahamshire, MD 32678",Switzerland
C-1016,Diana Hayes,09/21/1995,VERIFIED,frogers@yahoo.com,(735)454-9480,"36783 Brewer Overpass, Mcguireland, IN 53506",Puerto Rico
C-1017,Matthew Wood,04/25/1982,BLOCKED,jbarajas@yahoo.com,(744)431-3518x233,"989 Hooper Village Apt. 435, West Alexis, DC 36455",Aruba
C-1018,Kristen Terry,03/30/1953,VERIFIED,salasaudrey@yahoo.com,752.047.1167x1902,"31869 Kimberly Light Suite 749, Torreston, WA 13507",Yemen
C-1019,Lori Baker,03/05/1950,PENDING,glennjones@ortiz.org,403.447.1349x3618,"2102 Larson Views, Scottmouth, ME 92216",Iraq
C-1020,Kathryn Snyder,02/15/1950,ACTIVE,mnavarro@johnson-perez.org,001-049-027-8742,"Unit 6717 Box 5655, DPO AP 14211",Togo
C-1021,Jason Simpson,09/27/1989,BLOCKED,gibsonleonard@yahoo.com,680-876-0385,"703 Dunn Heights Suite 710, Lake Eric, AL 72885",Ireland
C-1022,Willie Durham,01/20/1976,VERIFIED,tyronemoran@thornton.info,782.639.8214,"8404 Monroe Prairie Suite 278, Reedside, ND 49942",Korea
C-1023,Sheila Pollard,11/25/1960,PENDING,melissajenkins@yahoo.com,001-766-270-2895x1718,"PSC 0262, Box 1745, APO AP 91295",Indonesia
C-1024,Sarah Phelps,02/17/2003,PENDING,courtney78@gmail.com,+1-134-316-1172x400,"5562 Amanda Port, East Gregory, MS 81727",Pitcairn Islands
C-1025,Thomas Thomas,01/12/1976,BLOCKED,ascott@yahoo.com,821-759-4647x4367,"594 Johnson Village Suite 409, New Julieport, IN 80070",Spain
C-1026,Mark Oliver,10/09/1990,BLOCKED,bergerdebbie@kramer-johnson.com,001-214-562-3285x8842,"5171 Karen Fork Suite 851, Smithside, NH 48812",Peru
C-1027,Deborah James,02/08/1988,PENDING,leonardthomas@hotmail.com,+1-593-174-6120,"USNV Ferrell, FPO AE 13240",Dominica
C-1028,Brandy Chavez,04/12/1990,ACTIVE,nicolepena@yahoo.com,+1-640-537-7351x585,"17139 Brent Isle Apt. 293, Port Kathyborough, IL 31040",Greenland
C-1029,Rachel Carlson,07/09/1963,ACTIVE,amberlindsey@guerrero.com,5395024026,"7589 Shannon Forges, Lake Kristahaven, NH 84824",Antarctica (the territory South of 60 deg S)
C-1030,John Morales,05/05/1991,VERIFIED,cjoseph@lam.org,(124)998-5698,"18367 Robert Views Suite 661, Ronaldview, FL 90524",Uzbekistan
C-1031,Brandon Miller,01/15/1974,ACTIVE,lisa80@frye.biz,(604)945-1983x273,"514 Lindsay Vista Apt. 940, West Jacqueline, MA 46510",Albania
C-1032,Charles Sandoval,05/21/1949,PENDING,davisalyssa@barnes-peterson.com,599-102-2901x4767,"3815 Rodriguez Springs Suite 840, South Tracey, AL 27295",Gabon
C-1033,Pamela Duran,05/07/1964,PENDING,smithjulie@gmail.com,(683)885-1606,"9696 Roberts Lodge, West Georgemouth, UT 47929",Benin
C-1034,Brian Graham,11/26/1971,PENDING,vharrell@walker-maxwell.com,188.355.2312x43292,"77997 Lin Road, Edwardland, NV 83257",Gabon
C-1035,Leslie Bell,09/13/1949,ACTIVE,dhayes@yahoo.com,119-986-7980x7935,"71518 Benjamin Station, Ritterhaven, RI 21308",Haiti
C-1036,Douglas Ortiz,09/05/1967,VERIFIED,cameron18@hughes.org,(519)254-6291,"528 Debbie Manors Suite 054, East Matthew, NM 25667",Czech Republic
C-1037,Mrs. Elizabeth French DDS,05/20/1981,ACTIVE,nancy92@bennett.org,(706)537-9473,"3597 Hammond Tunnel Suite 886, Port James, DC 33269",Austria
C-1038,Shelly Spencer,08/19/1951,VERIFIED,christopher24@whitehead-hernandez.biz,375-060-6853,"3051 Moody Dam, West Samanthafort, DC 92977",Latvia
C-1039,Aaron Miller,01/25/1962,ACTIVE,anaacosta@henderson.com,3697117980,"246 Christina Garden, Lopezland, MN 09371",Zimbabwe
C-1040,Katie Mcneil,05/12/1982,PENDING,cmarks@hughes.com,531-952-0585,"772 Bryan Trail, Johnsonborough, WY 26645",Turks and Caicos Islands
C-1041,Timothy Robertson,02/21/2000,PENDING,benjamin34@yahoo.com,001-054-156-6765x27758,"616 Amy Islands, North Markport, NV 79487",Saint Barthelemy
C-1042,Michael Bell,07/14/1947,BLOCKED,yhill@gmail.com,658-202-9702,"6909 Erika Land Suite 719, New Michael, SD 37029",Egypt
C-1043,Allison Lopez,11/19/1979,ACTIVE,greenjorge@yahoo.com,947.312.1727,"Unit 5518 Box 8442, DPO AP 93504",Vanuatu
C-1044,Carrie Ward,11/29/1959,ACTIVE,laurayoung@johnson-spencer.com,829.114.6786x691,"177 Anderson Village Apt. 268, Port Davidberg, GA 21730",Gibraltar
C-1045,Courtney Meza,12/18/1979,BLOCKED,kingcynthia@hotmail.com,249-818-2992x299,"10943 Montgomery Burgs, Smallside, SD 40097",Liberia
C-1046,Robert Sullivan,07/07/1975,PENDING,moorerobert@harris-lawson.com,001-556-258-8153x714,"04696 Sydney Estate, Sarahmouth, WV 21386",Luxembourg
C-1047,Julie Koch DDS,10/12/1950,ACTIVE,nlevy@hotmail.com,(004)797-4801x624,"0609 Michael Heights Apt. 687, Marciaville, CT 52130",Holy See (Vatican City State)
C-1048,Gina Mcmillan,01/10/1996,BLOCKED,carriemorales@williams.com,872.982.5952x6949,"947 Micheal Spring Apt. 694, New Thomasshire, IN 95056",Austria
C-1049,Carolyn Fuller,10/28/1986,ACTIVE,lorraineallen@hotmail.com,001-130-756-2636x897,"283 Bolton Neck, Edwardsburgh, ND 45370",Mauritius
C-1050,Raymond Le,06/05/1988,VERIFIED,plee@yahoo.com,+1-434-437-5758,"USNV Roberts, FPO AP 89187",Mauritius
C-1051,William Cardenas,04/04/1997,PENDING,bobby15@douglas-burgess.com,848.421.9933,"301 Rivera Mountains, Lake Kellitown, GA 53835",Palau
C-1052,Sherry Woods,03/23/1958,VERIFIED,justin01@hotmail.com,001-380-262-0672,"USNV Mcdowell, FPO AE 39611",Mongolia
C-1053,Tanya Rogers,07/27/1975,PENDING,melissamcdonald@gmail.com,527-420-5493,"8516 Jack Dam Suite 530, Patrickmouth, KY 43705",Gabon
C-1054,Laura Green,02/12/1969,BLOCKED,contrerassteven@sullivan.com,001-145-933-2727x956,"339 Alicia Pines Suite 191, Port Amyhaven, OK 70842",Canada
C-1055,Scott Ramos,12/11/1990,PENDING,gdavis@stokes-chavez.net,(790)874-0640x39106,"017 Justin Falls, Port Darlene, SD 55598",Holy See (Vatican City State)
C-1056,Janet Kane DVM,03/19/1970,PENDING,desireebailey@haney.net,(300)478-6863,"43106 John Cliff Apt. 907, East Joyfurt, IN 71248",Cuba
C-1057,Patty Taylor,05/02/1964,BLOCKED,barbara53@walter-odom.net,644.089.2687,"685 Russell Hills Suite 287, Port Jeremiah, VT 19421",Sri Lanka
C-1058,Anthony Gutierrez,12/29/1972,PENDING,nsanchez@lucas-nielsen.com,830-469-9013,"3540 Sharon Streets, Lake Yvonnefort, IA 91678",Netherlands Antilles
C-1059,Jennifer Allen,07/15/1966,ACTIVE,powens@yahoo.com,458-771-7535x5609,"48996 Hernandez Isle, South Ashley, NM 72674",Palau
C-1060,Gail Hines,11/25/1977,BLOCKED,yjackson@yahoo.com,(287)280-8010,"31203 Brooks River Suite 700, Smithhaven, KY 70721",France
C-1061,Robert Craig,07/06/1999,BLOCKED,hullalice@lee.com,(461)567-9334x101,"700 Christopher Vista Suite 591, East Jasonshire, KY 06603",Uzbekistan
C-1062,Timothy Lam,12/31/1982,BLOCKED,sarahedwards@matthews.biz,429-396-8562,"501 Hall Club, Cassiefurt, MD 04384",Norfolk Island
C-1063,Willie Henry,11/11/1968,VERIFIED,llopez@hotmail.com,(194)311-4262x6551,"5412 Jacob Mission Suite 101, Angelamouth, MS 02118",French Guiana
C-1064,Richard Hardy,09/23/1982,VERIFIED,ginajackson@turner-snyder.com,(646)471-5437,"1240 Cook River, Brockmouth, MA 56942",Suriname
C-1065,Marilyn Wheeler,02/04/1965,PENDING,timothythompson@yahoo.com,479-356-4651x93982,"737 Guerra Cliff, Chambersberg, ME 32223",El Salvador
C-1066,Michelle Mccormick,09/07/1949,BLOCKED,iaguilar@hotmail.com,001-680-589-1135x290,"6101 Walker Summit Apt. 756, Bartonshire, NY 20259",Guatemala
C-1067,Mrs. Elizabeth Knapp MD,03/22/2001,PENDING,larry73@webb.info,140-105-1238x28258,"62266 Jo Flat Suite 966, Lake Jasonview, VT 08701",Montserrat
C-1068,Shane Lopez,11/01/1966,ACTIVE,qwilson@rose-fowler.org,(969)155-7924x9912,"1252 Barnes Dam, Hendersonfort, ND 91390",Uruguay
C-1069,Zoe Peters,12/21/1977,BLOCKED,jacobwilkinson@hotmail.com,5072368876,"772 Ariana Underpass Apt. 404, New Keith, NH 74641",Samoa
C-1070,Kathleen Dixon,08/16/1983,ACTIVE,kimberly58@wolf.net,613.407.4517,"39596 Christina Tunnel, Port Jamie, OK 46483",Marshall Islands
C-1071,Joshua Morris,07/24/1992,PENDING,ashley81@gmail.com,001-604-223-2536x72946,"168 Neal Wells, Shawnfort, OR 00825",Trinidad and Tobago
C-1072,Morgan Simon,11/06/1975,VERIFIED,flynnraymond@yahoo.com,745.458.9297,"17012 Bryant Meadow, Lake Regina, SD 40067",Cayman Islands
C-1073,Sherri Davis,03/06/1969,PENDING,watsonrebecca@gmail.com,6436110371,"700 Montoya Wall, Bensonfort, IN 50710",Benin
C-1074,Ashley Edwards,08/08/2004,ACTIVE,patrickli@gmail.com,+1-218-909-2753x2697,"21965 Edwards Dam, West Deanna, OH 79275",Nepal
C-1075,Dominique Pugh,06/23/1946,BLOCKED,aprilhicks@hotmail.com,(403)761-3791x8055,"8271 Brenda Bridge Suite 300, Hunterhaven, MT 56019",Reunion
C-1076,Martin Medina,01/15/1955,PENDING,collinswilliam@gmail.com,(856)914-6303,"79904 David Station Apt. 027, Alexandraview, MN 17138",San Marino
C-1077,Debra Tanner,02/23/1997,BLOCKED,lindsay48@baker.com,785.079.2524x1913,"03075 Mora Fall, New Lindachester, MD 33041",Israel
C-1078,Erica Mckenzie,07/18/1983,VERIFIED,shawrachel@gmail.com,806.174.4518,"49493 Richardson Park Apt. 832, South Andrewside, SC 91394",Turkey
C-1079,George Blake,04/04/1970,VERIFIED,harristonya@yahoo.com,024.103.8657x1918,"99062 Kelly Vista Suite 655, Nelsonland, DC 77139",Botswana
C-1080,Christopher Owens,04/24/1972,VERIFIED,tami37@ford-phelps.com,(490)352-1356,"2067 Cody Cove Apt. 100, East James, MN 90453",Niue
C-1081,Angela Willis,01/30/2007,BLOCKED,osbornjames@ramos.com,070-296-6706,"3244 Stephenson Bypass, Lake Kenneth, OH 63288",Bahamas
C-1082,James Barnes,05/20/1988,PENDING,mayokimberly@castillo-harrington.com,001-856-420-5930,"PSC 4078, Box 5932, APO AE 32988",Palestinian Territory
C-1083,Joseph Moody,10/22/1994,BLOCKED,barbaramcgrath@kelly-combs.com,(395)590-5992,"8427 Christopher Fort, North Alisha, MA 80996",Cook Islands
C-1084,Gina Thompson,04/04/1999,BLOCKED,johnsonbrenda@gmail.com,001-185-156-9154x52267,"895 Elizabeth Via, South Kurt, LA 17192",Christmas Island
C-1085,Tiffany Fry,04/20/1971,PENDING,carriemccall@walker.com,135-521-5704x33154,"67626 Macias Keys, Garciafort, OK 85824",Senegal
C-1086,Carla Jones,03/16/2002,VERIFIED,andrew41@peterson.com,001-181-599-7062x9620,"68844 Young Causeway, Armstrongfort, AR 47795",Afghanistan
C-1087,Edward Stanley,06/30/1985,VERIFIED,collinclark@hotmail.com,171-467-7418x6256,"47743 Elliott Drive Apt. 158, Arellanoshire, OH 08494",Tajikistan
C-1088,Joseph Sheppard,05/29/1991,PENDING,thomasmiller@hotmail.com,8989921722,"Unit 3206 Box 1632, DPO AP 34302",Ghana
C-1089,Suzanne Jones,01/23/1971,BLOCKED,melissa87@gmail.com,001-998-616-2299x911,"8564 Pena Ports, Johnsonview, FL 81535",Netherlands
C-1090,Jennifer Foster,06/18/2004,BLOCKED,brandonalvarez@yahoo.com,(054)447-1324x754,"73678 Nicholson Passage, North Larry, MO 18280",Slovakia (Slovak Republic)
C-1091,Sherry Johnson,10/08/1957,VERIFIED,wrightstephen@bush-hill.info,610.357.9727x98552,"140 Williams Walk Apt. 333, Denisehaven, WI 89918",Algeria
C-1092,Carlos Thompson,02/24/1999,ACTIVE,johnnytrujillo@marquez-fletcher.com,(657)437-4896x91085,"1715 Davidson Wall Suite 443, New Kathy, AR 79148",Iraq
C-1093,Melanie Griffith,04/02/1989,ACTIVE,jordan66@yahoo.com,001-099-353-8758x4282,"48251 Michael Summit Suite 655, Brendamouth, DE 62175",Austria
C-1094,Lauren Blackburn,07/01/1949,ACTIVE,vincentdillon@yahoo.com,460.223.5697x25217,"0074 Kathleen Extension, South Kristen, CO 17462",New Zealand
C-1095,Jeffrey Patterson,02/19/1977,BLOCKED,johnsonjames@yahoo.com,5830033542,"10447 Hamilton Spur Apt. 575, East Stacy, MO 03007",Denmark
C-1096,William Clark,02/21/1946,BLOCKED,richardsondebra@brooks.com,001-890-901-0016x76184,"04618 Dean Squares, South Maria, NY 94711",Nicaragua
C-1097,Brian Rodriguez,03/03/1958,VERIFIED,marie35@ortiz.com,001-753-001-1972x181,"3744 Williams Via, Port Benjamin, MN 89206",Germany
C-1098,Brian York,03/27/2005,ACTIVE,christianelizabeth@murphy.org,155-216-6746x762,"16979 White Light, Cherylberg, NM 15303",Tuvalu
C-1099,Angel Green,01/13/1966,VERIFIED,tiffanysantiago@stone-watts.org,637-562-8900,"772 Karen Islands, West Tara, NY 29691",Mayotte
C-1100,Jennifer Young,11/22/1975,VERIFIED,fmiller@yahoo.com,170-166-0880x19948,"5037 Castro River Suite 571, Port Donnatown, MI 83556",South Georgia and the South Sandwich Islands
C-1101,Joseph Park,10/07/1947,VERIFIED,ttaylor@griffith.com,637-351-6091,"9827 Alyssa Causeway Suite 978, Lake Beth, DC 14074",Iceland
C-1102,Lisa Morris,08/18/2004,PENDING,spetty@gmail.com,654-722-6984x858,"94522 Page Trace, Annashire, TN 93578",Israel
C-1103,Stephanie Ferguson,05/12/2004,ACTIVE,millsanthony@gmail.com,0342442043,"7198 Julia Points, Youngport, TN 06658",Vanuatu
C-1104,Jason French,04/11/1991,ACTIVE,smithjohn@hotmail.com,001-735-989-3347x21228,"4842 Brandy Glens, West Stevenberg, FL 42788",Nauru
C-1105,Timothy Gilbert,09/10/1989,PENDING,jtyler@yahoo.com,583-281-8268,"3355 Carter Terrace, Barajastown, TN 45852",Kiribati
C-1106,Martin Sellers,03/30/1961,PENDING,patrick16@fernandez-campbell.net,001-588-770-4358x11288,"36138 Lucas Cliffs, North Stephen, AZ 11972",Barbados
C-1107,Robert Grant,10/11/1983,ACTIVE,rickey76@stewart-price.com,+1-091-901-5814,"147 Foster Shore Apt. 728, East Julie, ND 39164",Norfolk Island
C-1108,Michael Sloan,10/02/1998,PENDING,spencerangela@gmail.com,0996881435,"23943 Howard Union, Port Karenside, SD 72546",Barbados
C-1109,Austin Garcia,01/10/1994,VERIFIED,michael31@yahoo.com,+1-135-775-9492x995,"05336 Larsen Dale Suite 777, Kimfort, CT 23539",Oman
C-1110,Sarah Trevino,03/06/1954,BLOCKED,jessica11@atkinson.com,001-969-308-4887,"6394 Steven Pass, South Michaeltown, IA 80983",Poland
C-1111,Jose Griffin,11/03/1956,VERIFIED,ccrosby@juarez.com,530-385-6770x051,"498 Nicholas Lane Suite 918, Nicholasbury, MO 46756",Svalbard & Jan Mayen Islands
C-1112,Katelyn Olson,10/07/1985,ACTIVE,scotthall@schneider.com,+1-136-517-7739x260,"922 Patricia Drive, East Jonathanburgh, MO 79059",Monaco
C-1113,Sherry Luna,07/16/2000,PENDING,robinsoncatherine@yahoo.com,236.929.2984x2579,"6210 Alexandra Parkways, Serranoville, NJ 81077",Nepal
C-1114,Richard Gordon,08/24/1952,BLOCKED,mhopkins@carey.biz,650.863.7659x91624,"49864 Adam Summit, New Alexandrahaven, MS 86293",Costa Rica
C-1115,Emily Cox,03/09/1955,ACTIVE,jose86@hotmail.com,(946)368-8725x887,"562 Julie Mission Apt. 138, Hartmanside, UT 90228",Romania
C-1116,James Fields,05/22/1999,PENDING,thomasburke@brown.com,906-698-4902,"38430 Christina Spring Apt. 530, North Wendy, MO 46786",Paraguay
C-1117,Kevin Holmes,10/19/1994,BLOCKED,dunnjessica@herman.com,937.690.4268,"451 Walter Via, Heatherfurt, NJ 32387",Saudi Arabia
C-1118,Reginald Maldonado,08/29/2005,BLOCKED,ewilson@schultz-gamble.com,658-804-3416x51827,"423 Mclaughlin Freeway, Port Joseph, ID 33229",Taiwan
C-1119,Brittney Rodriguez,04/09/2007,PENDING,waustin@rubio.com,947.284.6392x0867,"USS Shaw, FPO AA 90460",Singapore
C-1120,William Wolfe,12/17/1975,BLOCKED,smithjason@hotmail.com,559-428-4347,"USNV Diaz, FPO AA 56068",Cote d'Ivoire
C-1121,Paul Diaz,11/29/1971,ACTIVE,iwhite@hotmail.com,+1-314-386-6322x70267,"4489 Raymond Spurs Apt. 034, Combsville, WA 44365",Eritrea
C-1122,Justin Frederick,03/10/1962,PENDING,jenkinsmichael@hotmail.com,+1-399-824-5587x716,"225 Welch Ports Suite 112, Jeremymouth, LA 93618",Ethiopia
C-1123,Jennifer Barron,10/18/1997,VERIFIED,lgutierrez@gmail.com,(341)326-1117,"8114 Christopher Loaf, Jeromeport, SC 17070",Bulgaria
C-1124,Carolyn Johnson,12/07/1968,ACTIVE,imcdonald@yahoo.com,+1-728-299-7968,"7831 Parker Loop Suite 240, New Lisaberg, LA 61999",Marshall Islands
C-1125,Thomas Arroyo,02/11/1977,ACTIVE,cannonlauren@hotmail.com,085.368.6632,"3416 Zachary Union Suite 484, Lopezland, DC 38458",Bouvet Island (Bouvetoya)
C-1126,Lisa Nelson,01/11/1987,PENDING,malikhernandez@hotmail.com,2144270312,"6475 Terry Bypass, Christopherberg, KY 51936",Barbados
C-1127,Catherine Huang,09/01/1961,PENDING,martinezkayla@gmail.com,(730)371-8376x4520,"7435 Michelle Forge, East Cynthiamouth, GA 36689",Mozambique
C-1128,Richard Smith,07/05/1947,BLOCKED,nathandavis@gmail.com,195.005.2812x7358,"3065 John Canyon Suite 784, Lopezburgh, MI 42926",Saint Martin
C-1129,Sean George,03/19/2003,ACTIVE,schmidtshannon@weaver-gibson.net,(209)593-5186x3878,"6511 Bradley Curve Apt. 031, Leeton, SD 51435",Palestinian Territory
C-1130,Marcus Garza Jr.,09/03/1959,BLOCKED,conradjason@hebert-collier.info,+1-058-650-9480x1413,"USS Garcia, FPO AE 70186",Hungary
C-1131,Joseph Wright,03/16/1987,ACTIVE,xreese@ray.biz,228-685-2897,"USNV Pierce, FPO AA 49223",Isle of Man
C-1132,Jessica Swanson,01/20/1986,ACTIVE,nicholaspierce@king.biz,0490824043,"48889 Clinton Mount Suite 224, Pamelabury, KS 39862",Bermuda
C-1133,Laura Robinson,11/26/1949,VERIFIED,sthompson@hotmail.com,001-194-096-1055,"1390 Brown Pine Apt. 589, West Wayne, FL 07122",Peru
C-1134,Jenna Griffin,02/24/1985,ACTIVE,ryanhartman@anderson.info,001-086-416-8622,"6938 John Grove, Morrisshire, DE 88548",Isle of Man
C-1135,Gregory Flores,01/23/1985,BLOCKED,gary59@hanson-alexander.com,521.103.9240,"7705 Jody Forest, New Alexandra, OH 63812",Niger
C-1136,Brenda Hale,11/26/1945,BLOCKED,scottbrian@gmail.com,001-940-701-6451x046,"157 Jacob Parkway Suite 800, New Kevin, MO 98069",Cayman Islands
C-1137,Michael Kelly,03/23/1965,VERIFIED,lisa46@raymond.com,(562)168-9363,"9578 Jamie Dam Apt. 248, South Wendy, FL 86514",Venezuela
C-1138,Brooke Jones,12/01/1980,BLOCKED,lonniehobbs@johnson.biz,742-312-2099x4999,"05172 Joseph Landing, Port Paul, DC 21968",Congo
C-1139,Jason Novak,08/17/2007,PENDING,qwalker@gmail.com,001-312-797-5736x60965,"177 Natalie Gardens, Terrellton, MS 68150",Serbia
C-1140,Amber Carter,09/27/1971,VERIFIED,steven64@hotmail.com,8277181298,"7027 Nicole Course Suite 521, North Jasminstad, NC 93205",Hungary
C-1141,Vanessa Salazar,07/14/1955,BLOCKED,kwilliams@yahoo.com,001-222-206-4474,"30940 Jimenez Parks, New Nicolebury, OR 86939",Lebanon
C-1142,Jeremy Burke,02/05/1945,BLOCKED,christine83@lopez.com,2099451016,"Unit 2499 Box 9827, DPO AP 76387",Guyana
C-1143,Anna Evans,09/24/1969,PENDING,changmegan@gmail.com,721-458-6833x9019,"9469 Green Ports, Sarashire, NC 96076",Niue
C-1144,Dr. Stephen Hall IV,10/27/1957,VERIFIED,johnsoncolleen@mclaughlin.org,(605)583-0344x14488,"55699 Marilyn Fields, Marthafort, NJ 05161",Oman
C-1145,Christopher Murray,07/13/2003,PENDING,abowers@hotmail.com,8495880395,"24056 Ashley Loaf Apt. 914, Jenniferview, CO 65650",Turkey
C-1146,Jesse Sampson,05/12/1959,VERIFIED,danielglover@gmail.com,780-782-3578,"18230 Hughes Way Apt. 040, West Steventon, NC 86875",Samoa
C-1147,Kenneth Collins,05/12/2005,VERIFIED,james44@flores.com,(410)988-1385,"49321 Austin Junction Suite 020, Bergerton, MS 07552",Benin
C-1148,Christopher Carlson,12/27/1984,ACTIVE,larry38@gmail.com,001-792-171-7477x33294,"PSC 6255, Box 7701, APO AA 15297",Guernsey
C-1149,Ryan Campbell,05/16/1968,BLOCKED,sullivanjennifer@nguyen.com,876-963-9382x7615,"9583 Elaine Club Suite 199, Nguyenville, NV 23592",Gambia
C-1150,Andrea Rodriguez,01/18/2000,BLOCKED,troy01@gmail.com,(902)278-4699,"549 Sellers Mews, Veronicashire, RI 67403",Iraq
C-1151,Sarah Brown,12/20/2005,ACTIVE,warnerlori@rodriguez-campbell.com,696.566.6683,"38656 Keith Well Apt. 201, East Jenniferfort, NE 18297",Belize
C-1152,Robert Dalton,06/17/2005,PENDING,shawncoleman@yahoo.com,(532)690-9738x4689,"751 Nixon Common, Lake Jessica, WV 37125",Lao People's Democratic Republic
C-1153,Kelly Bishop,05/04/1961,ACTIVE,suttonamber@hotmail.com,905-807-7879x5654,"949 Brown Mountains, New Brett, WA 82331",Anguilla
C-1154,Bradley Wagner,08/04/2002,BLOCKED,david44@yahoo.com,1929275243,"1292 Mullins Loop, Youngmouth, SC 22427",Cote d'Ivoire
C-1155,Sarah Brown,08/23/1962,BLOCKED,jacksonraymond@alvarez-vaughan.net,667.428.6047,"018 Blanchard Meadows Suite 544, West Destinyfurt, WI 89012",San Marino
C-1156,Michael Townsend,01/13/1980,ACTIVE,lawrencesmith@gmail.com,061-817-5344,"109 Stephanie Route, Lake Susanland, PA 17528",Honduras
C-1157,Stephanie Knight,03/23/1957,ACTIVE,jonowens@fowler.biz,001-542-140-6650x442,"96271 Amber Meadows Apt. 917, Dakotaland, OK 95861",El Salvador
C-1158,Alicia Jimenez,01/29/1989,ACTIVE,ortegajoseph@rivera.info,661.830.6719x8554,"8517 Holland Fall, South Donnaport, MS 14495",Niue
C-1159,Katelyn Mcclure,06/16/1974,BLOCKED,austinjohnson@allen.com,870.050.5061x3878,"02707 John Run, North Gerald, ME 13253",Korea
C-1160,Sara Brown,04/12/2000,ACTIVE,crawfordlauren@brown.biz,651-982-5309x25114,"58273 Dennis Turnpike Suite 207, North Adrianland, SD 78322",Tuvalu
C-1161,Michael Sparks,01/16/1977,ACTIVE,douglasnelson@jenkins-hurley.org,001-092-791-4560x833,"588 Steven Road, West Brian, WY 20059",Poland
C-1162,Susan Jimenez,07/10/1955,PENDING,newmanjustin@king-jensen.info,1082207811,"PSC 7995, Box 6353, APO AE 43247",Denmark
C-1163,Oscar Kane,03/16/1970,ACTIVE,ruiztodd@thomas-reilly.info,(652)735-4352,"2177 Jackson Junctions, West Cassandra, WY 84124",Zambia
C-1164,Carolyn Cordova,11/01/2002,BLOCKED,jenkinsaimee@vargas.com,6335693929,"PSC 6007, Box 8068, APO AA 63319",Sudan
C-1165,Samantha Chavez,01/06/1961,PENDING,steelerichard@anderson.com,+1-107-427-9907x7262,"701 Barry Isle Apt. 464, Port Gail, MA 96938",Venezuela
C-1166,Tony Leonard,01/28/2005,VERIFIED,reyessteven@diaz.net,001-183-253-8179x335,"640 Nathan Mission Suite 881, Mckinneyside, LA 59742",Nicaragua
C-1167,Michael Steele,09/30/2004,BLOCKED,patriciaellis@myers.com,124-127-2380,"5670 Lopez Brooks, Port Stacey, MA 54462",Morocco
C-1168,Matthew Nguyen,01/10/1985,BLOCKED,itorres@yahoo.com,(437)540-2547,"USNS Joseph, FPO AA 24392",China
C-1169,Melissa Estrada,02/04/1955,VERIFIED,darylchaney@martinez.net,001-055-257-8284x106,"USNS Gould, FPO AA 20955",Albania
C-1170,Kimberly Romero,09/11/1988,BLOCKED,wkemp@hotmail.com,+1-297-517-0281x40693,"0939 Kimberly Trafficway, Jamesland, NV 89245",Paraguay
C-1171,Vanessa Foster,01/10/1978,VERIFIED,kerrmichael@gmail.com,001-656-504-5547x813,"674 Linda Manors Suite 299, East Jaredfort, NC 44464",Bahrain
C-1172,Leslie Bennett,02/06/1945,VERIFIED,robert87@hotmail.com,001-232-648-7049,"00244 Martinez Shores Suite 627, North David, NM 09246",Nepal
C-1173,Lauren Cunningham,09/28/2003,BLOCKED,hmccann@yahoo.com,904.290.2572x52045,"44818 Katie Falls Apt. 928, Moniqueport, TX 91984",Portugal
C-1174,Joseph Bell,06/07/1954,ACTIVE,aprilwatson@jenkins-mccall.com,328-338-9888,"7112 Timothy Inlet, Donmouth, PA 69067",Serbia
C-1175,Carrie Torres,04/24/1995,ACTIVE,davidbenson@perez.com,(110)760-3108x90714,"011 Briana Flats Apt. 501, Port Julie, OR 46092",Guinea
C-1176,Jonathan Chandler,02/08/1961,VERIFIED,weisskathryn@robinson.net,1387592712,"3836 Kathleen Island Apt. 718, South Kathryn, LA 73525",Saint Helena
C-1177,Garrett Wilson,12/14/1963,PENDING,gloria73@hotmail.com,(463)175-2071x67811,"912 Michael Flat Suite 396, East Maryfort, WV 94020",Seychelles
C-1178,Denise Clarke,06/18/1988,VERIFIED,thomas96@yahoo.com,427.114.7732x01017,"9524 Kathleen Shore, Sparksborough, TN 65761",Liechtenstein
C-1179,Kimberly Pacheco,06/07/1981,VERIFIED,ewingnicole@reyes.biz,700.284.2762x467,"889 Alvarez Walk Apt. 806, Troyfurt, TX 46738",Seychelles
C-1180,Erica Johnson,09/21/1947,VERIFIED,michael90@peterson.com,(503)334-9114x15208,"698 Adams Square Suite 905, Hudsonmouth, CT 64511",Bolivia
C-1181,Christine Crawford,11/14/1999,ACTIVE,christinacox@yahoo.com,718.344.0496,"919 Nelson Port, Simmonsstad, CA 85899",Swaziland
C-1182,Robert Reynolds,05/24/1981,ACTIVE,robertking@hotmail.com,820.829.7374x896,"USS Boyd, FPO AA 61120",Cameroon
C-1183,Paul Cannon,02/03/2002,ACTIVE,eflores@hotmail.com,644.249.3631,"47786 Lucas Camp, East Joseph, KS 36909",Palestinian Territory
C-1184,Maria Williams,10/25/1993,VERIFIED,brownpeggy@yahoo.com,+1-416-516-2319x818,"1391 Murphy Prairie Suite 363, North Gregory, NV 54027",Equatorial Guinea
C-1185,Amy Ferguson,04/05/1992,PENDING,amy73@suarez-giles.com,540.900.3486x4518,"0644 Sharon Throughway Apt. 432, Welchchester, AZ 36419",Tonga
C-1186,Richard Vasquez,10/19/1994,ACTIVE,jennifer12@hotmail.com,815-698-5700x272,"459 Daniel Gateway, Port Brooke, WY 42365",Korea
C-1187,Nicholas Green,06/08/1991,BLOCKED,james65@gmail.com,(693)008-9317x3420,"421 Jackson Port Apt. 086, Wilcoxfort, IN 94029",Costa Rica
C-1188,Scott Casey,03/31/1964,BLOCKED,nanderson@hotmail.com,436.262.0443,"9710 Anderson Islands, Mcdanielfurt, NE 96983",Nauru
C-1189,Brandon Brown,04/21/1967,BLOCKED,modonnell@coffey.com,4896465280,"87572 Logan Pines Suite 241, Bradleyberg, KY 98519",Guyana
C-1190,Diane Mcdowell,05/12/1986,VERIFIED,ryan25@hotmail.com,287.032.0320x7427,"75877 Rodriguez Stravenue Apt. 151, Port Justin, GA 98796",Madagascar
C-1191,Kristine Alvarado,02/08/1959,BLOCKED,robertjones@rhodes-clay.com,165-915-2017x7749,"97592 Michelle Unions Suite 501, Davisview, IA 52787",Benin
C-1192,Daniel Price,01/13/1972,VERIFIED,davidhenry@yahoo.com,001-492-515-8377x6749,"5926 Davis Passage, Teresabury, TX 94038",Cape Verde
C-1193,Kelsey Holland,05/14/1950,BLOCKED,zkim@yahoo.com,224-386-4908x1081,"79454 Kayla Brook Apt. 722, Williamschester, VT 39514",Germany
C-1194,Jordan Santiago,02/06/1987,PENDING,tammy23@gmail.com,941-680-0610,"6974 Vazquez Spurs Suite 412, North James, AK 91731",Comoros
C-1195,Christine Wong,11/12/1988,VERIFIED,ywilkinson@lee.info,(012)277-7079x33496,"66799 Johnson Locks, Palmerfort, VT 08457",Malta
C-1196,Kenneth Tran,11/17/1962,BLOCKED,nwilson@hotmail.com,(760)243-7573x839,"PSC 5972, Box 4665, APO AA 21738",Niger
C-1197,Michael Miller,07/06/1977,ACTIVE,jamesobrien@leon.com,380.054.5228,"6193 Anna Oval, Victoriastad, AZ 73511",Ethiopia
C-1198,Sarah Russo,10/09/1985,VERIFIED,housesamuel@estes-campos.com,+1-918-081-2135x247,"125 Fuentes Crossing Apt. 760, Port Lisa, LA 66695",Chile
C-1199,Jaime Fischer,03/11/1969,ACTIVE,karenmoreno@taylor.biz,(785)072-0811x55626,"290 Barnes Springs, Jennifermouth, MI 01536",Sweden
C-1200,Joseph Knapp,04/21/1992,ACTIVE,ischneider@hotmail.com,+1-756-341-0856x288,"848 Sherman Estate, North Pamelaside, KS 32133",Syrian Arab Republic
C-1201,Molly Benitez,03/02/1952,ACTIVE,jordan85@williams.com,490.753.9989x354,"683 Mark Prairie, Port Kimberly, CT 19710",Rwanda
C-1202,Jason Davis,07/25/1973,ACTIVE,elewis@rhodes-powell.net,649.767.7622x82772,"Unit 8813 Box 7702, DPO AP 48910",Uruguay
C-1203,Lindsay Ortiz,11/16/1952,BLOCKED,billy21@yahoo.com,544-702-2960x4432,"18510 Olson Inlet Suite 567, Port Dillon, NH 59474",Papua New Guinea
C-1204,Sean Nguyen,01/29/1999,BLOCKED,zhall@yahoo.com,+1-074-120-9481,"98909 Karen Parkway, North Dominiqueside, AK 36540",Solomon Islands
C-1205,Ronald Combs,02/02/1984,VERIFIED,romancatherine@yahoo.com,001-070-562-6085,"18242 Jonathan Corners, West Stephanie, GA 08222",New Zealand
C-1206,Catherine Reeves,12/06/1964,VERIFIED,floresrobert@yahoo.com,610-339-9378x861,"8617 Rick Fort Apt. 489, East Kathrynberg, OK 53814",Kiribati
C-1207,Mark Harris,05/04/1954,VERIFIED,kimberlymedina@yahoo.com,+1-700-794-2007,"653 Williams Streets Apt. 416, Port Donaldside, NE 28137",New Caledonia
C-1208,Rebekah Henson,12/20/1967,BLOCKED,qnelson@yahoo.com,379-502-0970x02687,"180 Chambers Knoll, Careystad, HI 91862",Algeria
C-1209,Jacob Lee,04/15/1945,VERIFIED,changerin@howard.com,001-337-504-7930x361,"83999 Cameron Crossroad Apt. 249, New Jessica, ID 89365",Angola
C-1210,Melissa Patel MD,10/07/1982,ACTIVE,pacedanielle@hotmail.com,5664187758,"46875 Philip Isle, New Lindseybury, NE 10258",United States Virgin Islands
C-1211,Christopher Collins,04/02/1987,BLOCKED,castillolindsey@robles.com,735-058-3199,"791 Terri Bypass, Edwardsland, DC 08627",Uruguay
C-1212,Amy Bishop,01/14/1974,VERIFIED,byrdanita@horn-morales.org,001-639-907-6769x91507,"10919 Rebecca Crossroad, Michaelfort, RI 58778",Colombia
C-1213,Robert Brown,11/10/1965,ACTIVE,larry82@gmail.com,495.450.8920x3880,"31537 Greene Isle, Christinachester, GA 14243",Korea
C-1214,Susan Crawford,04/03/2007,VERIFIED,heatherowens@allen.com,001-636-205-0150x8124,"03342 Nicole Stravenue Apt. 583, East Andrew, KS 13764",Angola
C-1215,Breanna Pena,11/16/2004,PENDING,sharon47@wood.com,961.122.3386x55963,"PSC 9938, Box 4253, APO AE 83005",South Africa
C-1216,Cameron Romero,05/25/1984,VERIFIED,jessicamueller@hotmail.com,+1-128-685-7872x558,"4969 Jamie Flats Suite 363, Ronaldfurt, GA 49535",Equatorial Guinea
C-1217,Brandy Miller,11/25/1974,PENDING,brandymarshall@hotmail.com,677-665-7546x02734,"48881 House Courts Apt. 150, West James, KS 40178",Samoa
C-1218,Melinda Hill,09/01/1992,VERIFIED,alan44@logan-powell.biz,001-078-263-3373,"751 Singleton Meadow Suite 377, West Donberg, WA 01769",Luxembourg
C-1219,Sandra Morgan,03/04/1973,VERIFIED,sfarmer@hotmail.com,590-902-2599x9966,"86371 Hudson Mission Suite 121, North Margaret, NM 04018",Colombia
C-1220,Thomas Cruz,08/30/1958,BLOCKED,donna17@wood.com,662-128-6716x32346,"99493 Hill Avenue Apt. 716, New Mark, NM 60820",Kyrgyz Republic
C-1221,Nancy Roberts,08/08/2004,BLOCKED,isabella46@hotmail.com,(632)967-6291,"24841 Regina Loop, West Charlesville, WI 43232",Ireland
C-1222,David Hunter,02/07/1976,PENDING,fowleremma@james-reese.com,(004)125-7771x1837,"20912 Martinez Streets Suite 210, Ericstad, IL 94140",Antigua and Barbuda
C-1223,Kim Ramos,11/25/1947,BLOCKED,cvaughn@george.biz,001-335-331-0600x53131,"206 Lisa Islands, New Jamie, MO 56584",British Indian Ocean Territory (Chagos Archipelago)
C-1224,Brian Morris,09/02/1945,ACTIVE,alexander37@gmail.com,495-013-6497,"Unit 1892 Box 4195, DPO AP 91768",Iceland
C-1225,Valerie Benson,04/01/1967,ACTIVE,tiffany71@smith-barr.info,(838)903-0914x3639,"7432 Harris Camp, Lake Carly, WA 43583",Burkina Faso
C-1226,Mason Hodges,02/05/1980,PENDING,karen35@yahoo.com,380.339.6852,"71302 David Extensions, East William, VA 61721",Georgia
C-1227,Craig Coleman,11/17/1985,ACTIVE,justin73@huffman-olson.com,(627)768-9627x0661,"828 Jonathan Mountain Suite 746, Jonesberg, NJ 26153",Cape Verde
C-1228,April Hensley,05/09/1994,ACTIVE,asullivan@yahoo.com,001-567-491-6016x9236,"USNV Hicks, FPO AA 83729",Portugal
C-1229,Anthony Cruz,07/04/1973,VERIFIED,timdorsey@mccoy-rhodes.com,972-439-9201x166,"362 King Hollow, Willischester, VA 12149",Botswana
C-1230,Paula Cooper,05/13/1954,BLOCKED,sarahsanders@yahoo.com,2701168646,"23728 Shannon Via Apt. 230, Port Katherine, MT 58268",Nigeria
C-1231,Ashley Fields,01/30/1950,ACTIVE,grayjoshua@yahoo.com,9377100409,"38069 Frederick Mountains, Cassandramouth, TX 45468",Germany
C-1232,Teresa Ortega,05/28/1970,ACTIVE,morgan10@harrell-morales.com,9184357978,"50505 Hall Oval, Stevensonland, NE 62907",Palestinian Territory
C-1233,Susan Navarro,08/25/1964,BLOCKED,mollywalter@wagner.com,+1-872-717-8333x21160,"4347 Elizabeth Place Suite 153, Lake Matthewfurt, SD 74150",Togo
C-1234,David Green,06/14/1964,ACTIVE,davisjoy@garner.org,(256)904-0983x665,"993 Randall Plain, Stewartport, IN 66015",Pitcairn Islands
C-1235,Kyle Thomas,12/05/1989,ACTIVE,kyle14@berry.com,001-605-233-0276x420,"7566 Allison Haven Suite 386, East Marcusshire, AR 93508",Gabon
C-1236,Christopher Taylor,01/05/1992,BLOCKED,phyllis33@hotmail.com,059.126.6201,"01859 Booker Road Suite 301, South Tracy, PA 23109",Palau
C-1237,Patty Esparza,04/18/1990,VERIFIED,phancock@hill-delgado.com,1111783099,"Unit 7419 Box 2676, DPO AA 75398",Brunei Darussalam
C-1238,Arthur Stout,10/07/1998,ACTIVE,bhess@hawkins-herrera.net,189.813.1292x0875,"321 York Bypass, North Williamstad, GA 55951",Western Sahara
C-1239,Danielle Williams,12/31/1979,BLOCKED,ftaylor@hotmail.com,859-883-1030x32432,"542 Jones Glens, Patrickburgh, NH 11413",Western Sahara
C-1240,Jeffery Neal,02/12/1981,ACTIVE,sotojoseph@terry.net,+1-262-566-0931x418,"51554 Misty Fork Suite 016, South Stephanie, DE 23534",Mali
C-1241,Elizabeth Nicholson,12/20/1977,ACTIVE,jackie48@lawson-mosley.com,625-889-6792x40822,"53967 Scott Knoll Suite 844, Meyerbury, SC 11896",Yemen
C-1242,Randy Bruce,11/03/1987,VERIFIED,blairshirley@johnston.com,+1-706-827-7881,"068 Sanchez Streets, New Shaneburgh, WV 69119",United Kingdom
C-1243,Benjamin Franco,08/10/1979,PENDING,hendersonnicholas@yahoo.com,538-144-7443,"48079 Brown Avenue Suite 545, North Michaelburgh, MI 01662",Bolivia
C-1244,Craig Rice,10/17/2005,PENDING,fmartinez@moore.com,765.456.2841,"Unit 7225 Box 6053, DPO AE 25347",Finland
C-1245,James Manning,12/18/2005,BLOCKED,elizabethvaughan@bird.info,+1-256-862-1102x25803,"9067 Campbell Corner Suite 392, East Juan, KS 92376",Egypt
C-1246,Jessica Wells,11/30/1997,PENDING,jacobbond@walters.com,326-093-1066x843,"0860 Rodriguez Lakes Suite 563, Pattyburgh, AL 07333",Panama
C-1247,Christy Kennedy,06/22/2006,BLOCKED,flopez@cook-rodriguez.com,+1-825-559-8953x43961,"910 James Mission, North Shellymouth, VA 62655",Senegal
C-1248,Nathan Williams,09/11/1957,PENDING,patricia85@yahoo.com,161.768.8029x424,"367 Gabriel Terrace, Hartfurt, PA 36086",Costa Rica
C-1249,Christopher Robinson,01/24/1992,VERIFIED,ugordon@green.com,+1-123-083-4024,"PSC 4033, Box 8105, APO AP 79820",Heard Island and McDonald Islands
C-1250,Travis Henson,08/14/1962,BLOCKED,svillanueva@galloway-garrett.com,(342)408-9164x983,"4396 Sean Stream, Richardsonfort, NM 24292",Kuwait
C-1251,Scott Lopez,01/11/1978,PENDING,andrew22@mcdaniel-lopez.com,637-618-2091,"00231 Thomas Road, Port Tammyville, WA 44854",Timor-Leste
C-1252,Christina Castillo,12/14/1982,VERIFIED,kylemendoza@gmail.com,8481001841,"03036 Hernandez Shoal Suite 361, Jacksonville, CT 37438",Guinea-Bissau
C-1253,Gene Ward,07/30/2007,PENDING,munozgregory@rogers.com,+1-451-475-4102x252,"19642 Marcus Crossroad Apt. 655, Colemanchester, WY 83941",Grenada
C-1254,Tony Dorsey,09/23/1970,ACTIVE,fryan@hotmail.com,+1-361-968-9313,"58721 Rhonda Lake, West Steven, OH 55692",Ecuador
C-1255,Danny Burgess,08/17/1952,ACTIVE,squinn@watson-miles.org,792-025-2131,"27284 Jenkins Junction Suite 041, North Nicole, PA 98953",China
C-1256,Alexandra Wall,12/02/1990,VERIFIED,samantha84@hotmail.com,624.186.2369,"89177 Delgado Lodge Suite 205, Leeville, CA 48041",Netherlands Antilles
C-1257,Gabriela Allen,09/23/1955,ACTIVE,lewisalex@lopez-harris.com,419.909.7005,"54683 Walton Stream Suite 215, Mosleyhaven, NY 20186",Anguilla
C-1258,Janet Willis,08/19/2002,ACTIVE,evan71@davis.com,001-288-985-7254x59606,"97102 Payne Union, South Clintonmouth, LA 21665",Bangladesh
C-1259,Jack Davis,11/04/1956,BLOCKED,valerie47@hotmail.com,(197)054-6692,"1687 Rich Springs Apt. 903, East Melissaport, GA 75229",Iran
C-1260,Courtney Sawyer,03/09/1990,PENDING,steven87@miller.com,(636)515-5973x7147,"2359 Vanessa Trail, Brownstad, NE 62551",Croatia
C-1261,Sean Cisneros,03/05/1991,BLOCKED,johnny21@gmail.com,461-476-8342,"5423 Mcmahon Orchard, Nicholsburgh, NE 46991",United States Minor Outlying Islands
C-1262,Jasmine Smith,12/09/1997,PENDING,sharpbeth@morris.com,2727516480,"Unit 2791 Box 0336, DPO AP 72077",Singapore
C-1263,James Bailey,08/29/1957,ACTIVE,lisa04@shaw-parrish.info,+1-766-558-6851x2765,"664 Walters Squares, North Lindaville, SD 02654",New Zealand
C-1264,Ashley Brady,02/07/1987,BLOCKED,zgordon@contreras.com,786.137.1576,"PSC 6053, Box 8444, APO AA 54858",Peru
C-1265,Steven Perry,09/16/1945,PENDING,krystalrandall@wilkins.org,(386)396-0962x62658,"28196 Hood Estate, Jamesland, NE 02013",Nigeria
C-1266,Brittany Montgomery,08/25/1981,PENDING,ujohnson@lucero.com,(334)383-6404,"091 Stephen Ranch, North Donaldview, HI 12661",Belarus
C-1267,Isaiah Massey MD,01/24/1978,BLOCKED,ojones@clark.biz,722-402-9901x55799,"413 Amanda Path, East Michelle, IL 04367",Greece
C-1268,Bradley Holt,04/07/1953,VERIFIED,timothy15@hotmail.com,+1-477-686-3423,"1994 Laura Stravenue Suite 676, Lisaville, MS 56771",Cook Islands
C-1269,Jacqueline Chen,01/09/1949,PENDING,pamelarubio@yahoo.com,001-649-856-0125,"3135 Thomas Island, North Lucastown, MA 28520",Lao People's Democratic Republic
C-1270,Erica Hall,02/27/1949,ACTIVE,carolyn83@gmail.com,+1-491-966-5533,"0461 Shawn Rapid Suite 963, West Andrewshire, NH 37773",Bulgaria
C-1271,Jennifer Huang,02/14/2007,PENDING,deanna17@gallegos.com,556-185-7906x477,"9103 Margaret Dam, West Michellechester, GA 12037",Comoros
C-1272,Robin Cabrera,03/26/1981,ACTIVE,greenkristen@williams.com,596-422-9712x529,"718 Becky Shore Suite 457, North Joseph, VT 11353",Guinea
C-1273,Shelley Keller,09/08/1994,BLOCKED,jonestroy@smith.info,(371)539-8854x7281,"PSC 3567, Box 9836, APO AE 09497",Fiji
C-1274,Michael Lynn,12/07/1983,PENDING,stevenrodriguez@allen.com,078-754-1815x632,"507 Wood Causeway Suite 634, South Gregory, NC 80120",Lithuania
C-1275,Ashley Williams,08/04/1961,ACTIVE,dariusjacobson@adams.com,+1-666-134-7323x549,"28974 George Springs, East Jacobmouth, AL 87799",Lebanon
C-1276,Alex Mccann,08/14/2004,ACTIVE,erincastaneda@bell.com,100.943.8822x1145,"474 Ellis Views Suite 458, Rodriguezhaven, SC 03217",Cameroon
C-1277,Selena Hopkins,04/16/1954,BLOCKED,kjohnson@hotmail.com,001-653-136-1487x824,"PSC 5569, Box 6443, APO AE 76459",Maldives
C-1278,Sandra Martinez,10/10/1998,PENDING,keith07@hotmail.com,(728)498-2474,"70349 Brian Inlet Apt. 650, West Devinport, NY 87706",Seychelles
C-1279,Tiffany Reeves,05/11/1954,PENDING,frichards@robinson-kennedy.com,666.144.9429,"234 Robert Flats Suite 414, Gardnerfurt, NE 13089",Burundi
C-1280,Melissa Gordon,04/11/1991,BLOCKED,dgomez@yahoo.com,(708)061-2943x98529,"62607 Combs Corner Apt. 415, Port Kellyfort, MA 08478",British Virgin Islands
C-1281,Megan Stevenson,04/04/1948,PENDING,annacoffey@walker.com,407-931-1029x1813,"87601 Sullivan Ferry Apt. 849, Villarrealville, FL 83888",Angola
C-1282,Robert Sandoval,04/09/1956,BLOCKED,scastillo@garcia.com,(617)662-0471x9609,"52774 Tina Knolls Apt. 586, East Dianastad, VA 74313",Guadeloupe
C-1283,Scott Taylor,01/25/1998,PENDING,pjones@yahoo.com,(792)988-4259x9599,"02311 Villa Mountains, Kathleenbury, HI 95942",Uganda
C-1284,William Nielsen,11/12/1948,VERIFIED,johnsonkaren@yahoo.com,001-590-251-7629x83347,"32683 Brandi Roads Apt. 302, West Kimshire, CA 45158",Colombia
C-1285,Tina Chandler,08/04/1980,PENDING,marisahudson@yahoo.com,559.821.7661x91284,"09850 Lori Highway Suite 651, West Charles, IA 68364",Venezuela
C-1286,Emily Montgomery,10/20/1981,ACTIVE,qgiles@johnson.com,001-023-850-3719x90516,"724 Dalton Parks, Lake Michael, ME 30353",Angola
C-1287,Allison Casey,12/31/1957,ACTIVE,tranbrett@yahoo.com,001-266-821-7195x535,"31903 Burgess Valley, Port Alexisbury, AR 10542",Azerbaijan
C-1288,Christopher Williams,06/12/1968,VERIFIED,david67@martinez.net,753.745.8438,"PSC 5881, Box 0569, APO AA 37172",Belgium
C-1289,Chad Daugherty,05/04/1960,PENDING,davidhardy@gmail.com,3771070449,"49670 Cruz Cape, East Nicolas, NE 70295",Austria
C-1290,Amanda Hines,06/03/1946,ACTIVE,lisa93@gmail.com,966-018-6487x69984,"3204 Miller Gateway Suite 596, New Joshuaview, KS 86095",Sudan
C-1291,Alexandria Parker,08/13/1989,ACTIVE,melanie77@gmail.com,070.578.3609x149,"2444 Martinez Roads, East Monica, AR 30997",Brazil
C-1292,Cathy Hunter,08/12/1974,PENDING,tranjeremy@hotmail.com,405-809-3511x871,"59561 Liu Divide, West Catherinestad, MT 85957",Holy See (Vatican City State)
C-1293,William Howell,07/24/1955,BLOCKED,carteredward@hotmail.com,1935889536,"261 Susan Fork, Ryanville, NC 07242",Netherlands
C-1294,Joseph Alexander,12/20/1962,PENDING,rhonda53@hall-edwards.com,001-376-515-8815x793,"92836 Catherine Underpass Suite 551, South Robertberg, NM 83421",Turkmenistan
C-1295,Stephanie Walter,09/15/1945,BLOCKED,barneskathy@conrad.com,(021)288-6652x68341,"991 Charles Knoll Suite 676, Katherineberg, HI 95358",Seychelles
C-1296,Samantha Hicks,01/05/1955,VERIFIED,emily76@gonzales-romero.org,134-750-9889x864,"20368 Andrews Ridges Suite 154, North Keith, NV 29813",Turks and Caicos Islands
C-1297,Todd Green,11/25/1985,VERIFIED,elizabeththomas@arnold.com,9088307053,"782 Phillips Creek Apt. 767, Christopherberg, VA 88150",Brazil
C-1298,Regina Garner,10/15/1959,ACTIVE,eric54@mccoy-hunt.com,001-506-185-3800x329,"347 Todd Ferry, Campbellborough, CO 68174",Togo
C-1299,Cindy Hamilton,01/16/1978,ACTIVE,benjaminwatts@james.info,243.477.6958x74131,"USNV Barnes, FPO AA 43151",Egypt
C-1300,Audrey Marshall,05/09/1966,ACTIVE,heidi27@burke-mcdaniel.com,483-608-5456x6766,"7350 West Forges, New Jamie, DE 80887",New Caledonia
C-1301,Larry Smith,10/19/1993,BLOCKED,tdavis@barr-wang.net,083-583-2863,"5638 Shelby Camp, Port Shelbyville, MO 64057",Armenia
C-1302,Eric Hall,03/19/1997,ACTIVE,nelsondavid@rios-anderson.com,118-600-8921,"94568 Kevin Mount Apt. 149, Bennettchester, IN 53759",Moldova
C-1303,Duane Warner,02/15/1979,PENDING,fsmith@long.com,390.637.5791x452,"82379 Christopher Lodge, Millsshire, IN 08225",Seychelles
C-1304,Jason Yang PhD,02/19/1947,BLOCKED,rsavage@hotmail.com,878.753.5778,"61620 April Crossing, East Samuel, AZ 56099",Lithuania
C-1305,Robert Freeman,08/15/1995,VERIFIED,hsmith@yahoo.com,485-959-2248x3958,"3522 Smith Mall Apt. 271, West Jacquelineborough, CT 70982",Kuwait
C-1306,Antonio Harrison,04/19/1955,BLOCKED,dana35@smith.biz,001-459-648-8319,"2491 Laura Radial, Riverashire, KY 97135",Tunisia
C-1307,Susan Clark,10/31/1944,ACTIVE,christopherpratt@thomas.com,102-876-7548x13866,"4858 Nicole Ville Apt. 242, Castrofort, WY 33339",Poland
C-1308,Steven Pearson,10/06/1956,PENDING,melissa56@jensen.biz,(203)758-3094x515,"PSC 8094, Box 0476, APO AE 91661",Romania
C-1309,Mario Maddox,09/04/2000,PENDING,oosborn@henry-wells.net,050-922-2161,"1843 Marvin Spring, Rachaelburgh, OR 95152",Western Sahara
C-1310,Adrian Beck,12/26/1972,ACTIVE,leekathleen@daniel.com,049.386.2044x851,"711 Ian Corners, West Brittany, WI 22696",Solomon Islands
C-1311,Mark Stevens,05/05/2004,PENDING,mary32@brown-mccarthy.com,295-633-4324x474,"558 Gallegos Spur Apt. 096, New Ashley, NE 45972",Oman
C-1312,Rebecca Clark,04/05/1992,BLOCKED,palmerjason@gmail.com,401.827.2795x596,"1502 Alvarez Junction, East Robinport, NH 72168",Colombia
C-1313,Jessica Jensen,01/16/1985,BLOCKED,pwells@yahoo.com,001-595-764-0381x6649,"82498 Stephanie Port, East Elizabeth, AR 12349",Georgia
C-1314,Brenda Reed,08/07/1971,ACTIVE,jsmith@andrade.com,233-613-2850,"78637 Guerra Squares Apt. 162, Kathrynberg, WI 43376",Ukraine
C-1315,Michael Salas,04/09/1985,PENDING,reedelizabeth@hotmail.com,3923555809,"32730 Kevin Course Suite 626, West Larry, NJ 05065",Eritrea
C-1316,Jennifer Martin,01/31/1991,VERIFIED,wdrake@oconnor.com,(529)867-0766,"4197 Norman Station Suite 851, South Amanda, TX 10987",Canada
C-1317,Travis Zimmerman,03/13/1962,BLOCKED,dgraham@williams-parrish.info,(095)465-4084x245,"4091 Dennis Place Suite 321, East Jessicafort, KY 45771",Kuwait
C-1318,Dana Petersen,06/19/2001,BLOCKED,jonesnathan@gmail.com,+1-168-154-6602x416,"Unit 3944 Box 9883, DPO AP 06901",Holy See (Vatican City State)
C-1319,Cindy Walls,05/08/1963,BLOCKED,walter09@browning-gregory.com,6306244795,"53194 Matthews Roads, Amberfort, AL 45452",Guam
C-1320,Rodney Hernandez,10/16/2002,BLOCKED,amandajackson@yahoo.com,609-178-5138x544,"702 Claudia Port Suite 604, Fritzfurt, ND 17762",Honduras
C-1321,Sarah Davis,07/05/1959,VERIFIED,duncangregory@wang.biz,+1-653-694-5515,"67747 Sandra Fall Suite 408, Kathrynburgh, CT 50747",Morocco
C-1322,Valerie Jenkins,12/17/1987,ACTIVE,dillonharvey@greene.biz,5932971509,"832 Wood Well Apt. 273, Davidland, AK 27633",Montserrat
C-1323,David Morrison,02/10/1961,BLOCKED,hporter@massey.com,100.687.6164x819,"7046 Michael Stravenue, Pattersonville, FL 34907",Senegal
C-1324,Nicole Rodriguez,02/24/1956,PENDING,jdouglas@gmail.com,341.517.7345x4757,"022 Johnson Land Suite 442, Thomasmouth, LA 20743",Samoa
C-1325,Betty Lawson,02/12/2003,VERIFIED,dana03@hotmail.com,290-458-8679x2529,"567 Monica Orchard Apt. 760, West Jeffreyborough, FL 36980",Netherlands
C-1326,Rachel Santos,11/28/1968,BLOCKED,ohudson@gmail.com,001-833-506-1581x4888,"9833 Robles Falls, East Hannah, HI 05774",Netherlands
C-1327,Donald Paul,07/22/1994,PENDING,alexandrabrown@sanchez.info,180.513.7171x731,"749 Bonnie Wall, Lake Oliviaborough, SC 81033",Saudi Arabia
C-1328,Aaron Webster,07/28/1985,BLOCKED,vwelch@hotmail.com,844.483.5488x4712,"772 Cameron Meadows Suite 175, East Kimberly, IN 28447",Gambia
C-1329,Erica Moreno,08/28/1951,ACTIVE,ashleymoore@gmail.com,622.925.8796,"47452 Cook Knoll Suite 746, Farmertown, MO 07750",Ireland
C-1330,Robert Proctor,11/06/1996,VERIFIED,cardenasjames@hotmail.com,001-445-056-6588x339,"13257 Crane Cape Suite 734, Brownton, MA 36682",Martinique
C-1331,Thomas Rodriguez,10/15/1953,ACTIVE,tiffany62@lawrence.com,+1-173-598-4884,"55732 Mcdonald Mount, Masonview, PA 98497",Venezuela
C-1332,Bryan Jenkins,08/15/1971,VERIFIED,deckerbrian@hotmail.com,(096)085-8749x511,"281 Bishop Field, Port Gabriellaview, NV 97354",Canada
C-1333,Angel Holland,10/11/1967,BLOCKED,zpreston@hotmail.com,096-003-5624x3958,"592 Kendra Ford, Huntertown, PA 05672",Slovakia (Slovak Republic)
C-1334,Gregory Jones,11/22/2003,BLOCKED,dominiqueharris@gmail.com,(433)502-7160x73607,"69112 Frank Fords, South Joystad, MD 54912",Comoros
C-1335,Brandon Hunter,03/06/1977,VERIFIED,duffyallen@yahoo.com,(615)541-6431x67045,"90282 Heather Track, North Caitlynborough, WA 87133",French Polynesia
C-1336,Jason Moore,05/20/1956,PENDING,judypatrick@diaz.com,7346549500,"26086 Eric Bridge Suite 316, North Tanyamouth, ND 58227",Burkina Faso
C-1337,Rhonda Smith,01/22/1977,PENDING,david85@hotmail.com,+1-177-932-3822x31164,"34245 Barnett Pike, Kathleenberg, NE 49622",Panama
C-1338,Noah Rosales,07/20/1995,BLOCKED,bauertiffany@gmail.com,(032)650-9775,"3794 Wilson Harbors Suite 524, Lindsayfort, OH 60311",Panama
C-1339,Scott Hines,07/16/1962,BLOCKED,ronald08@davis.com,842-547-6818,"30358 Anna Pines, Port Amandaside, UT 70083",Chad
C-1340,Brett Martin,10/25/1987,ACTIVE,amberfriedman@garrison-ramirez.biz,686-775-2401x4843,"PSC 9910, Box 6227, APO AE 32281",India
C-1341,Maria Myers,10/23/1957,BLOCKED,chad42@martinez-singh.com,724.501.8481,"74189 Hernandez Throughway Suite 406, Danielmouth, OR 22580",Turkey
C-1342,Sharon Freeman,06/17/1964,VERIFIED,davisjessica@grimes.info,001-660-144-4856x451,"97396 Garcia Tunnel Suite 899, Obrienfurt, PA 14630",Namibia
C-1343,Maria Garcia,02/10/1951,PENDING,michaelchambers@fisher.com,+1-779-806-6039x2051,"74555 Joshua Tunnel Apt. 574, East Angela, OH 85473",Gibraltar
C-1344,Nicole Norman,05/11/1956,PENDING,cookchristina@hotmail.com,541.165.9726,"5752 Marcus Creek Apt. 948, Katherineside, MO 81565",Qatar
C-1345,Brandon Dawson,11/23/2006,ACTIVE,dustin58@yahoo.com,(261)499-1537x0382,"73333 Wong Forge Apt. 043, Port Cherylmouth, OH 72751",Mongolia
C-1346,Cody Stone,11/05/1971,PENDING,jasmine54@yahoo.com,(535)851-2538x921,"Unit 8785 Box 1935, DPO AP 92532",Oman
C-1347,Samantha Walker,12/19/1962,PENDING,fmontgomery@graham.net,805.721.5149x409,"3748 Rivera Port, Thomasside, OR 41717",Tokelau
C-1348,Leonard Joseph,01/13/1969,VERIFIED,austinalyssa@martin.com,(071)511-6966,"52145 Jasmine Glen Suite 124, Gonzalezstad, SC 11192",Guadeloupe
C-1349,Brandon Scott,06/27/2004,PENDING,flemingcody@stuart.com,5640995123,"83512 Berry Mill Apt. 827, New Benjaminside, WY 16266",Sri Lanka
C-1350,Taylor Rodriguez,02/17/1991,ACTIVE,racheljimenez@moore.info,+1-867-181-5352x37360,"918 Elizabeth Islands Suite 834, Derekborough, SC 56379",Iraq
C-1351,Bradley Johnson,10/01/1951,ACTIVE,tlynch@yahoo.com,001-408-031-4998x25080,"3580 Rodgers Pine Apt. 850, North Stephen, IN 93878",Ghana
C-1352,Dalton Clark,03/25/1988,PENDING,weeksjamie@wilson.com,(635)602-2939,"943 Ortiz Branch Suite 664, Port Kimberly, PA 01868",Nigeria
C-1353,Amanda Wang,06/03/1953,BLOCKED,walshdarius@jones-herrera.com,001-464-844-9411x6318,"80771 Jeremy Village, Lopezland, NE 81152",Heard Island and McDonald Islands
C-1354,Charles Harper,06/12/1947,PENDING,jennywilliams@fry.com,(573)066-2481,"7071 Carolyn Heights, East Amy, AR 15097",Poland
C-1355,Joseph Smith,09/05/1993,ACTIVE,mitchell21@hall.biz,001-913-098-1079x64967,"PSC 3794, Box 5772, APO AA 70815",Turkmenistan
C-1356,Charles Walsh,07/07/1956,ACTIVE,nicole50@yahoo.com,207-683-6253x6667,"7555 Anderson Pines Apt. 333, Port Jessica, RI 48134",United Arab Emirates
C-1357,Scott Conner,02/27/1970,VERIFIED,philipharrison@hotmail.com,+1-749-603-3582x6862,"USS Benson, FPO AA 74870",Papua New Guinea
C-1358,William Becker,12/30/1996,PENDING,zandrews@hernandez.info,275.998.0111,"1553 Susan Inlet, West Cindymouth, NV 62771",Guadeloupe
C-1359,Donna Garcia,11/20/1982,PENDING,frankwilson@ortiz.com,001-312-710-2676x720,"9927 Tara Skyway Suite 515, East Dennisport, MO 20094",Bouvet Island (Bouvetoya)
C-1360,Rachel Caldwell DVM,06/23/1966,VERIFIED,gomeztonya@yahoo.com,9962543848,"PSC 0752, Box 0344, APO AA 57248",Guadeloupe
C-1361,Paul Wolf,10/28/1975,ACTIVE,andrea29@navarro.com,(376)604-6558x6652,"USNV Tran, FPO AA 37416",Ethiopia
C-1362,Jerry Powers,06/19/1999,VERIFIED,johnsondavid@gmail.com,125.129.3110,"129 Welch Isle Apt. 910, East Samantha, HI 12520",Saint Barthelemy
C-1363,April Moody,07/06/1960,BLOCKED,lovepaul@moreno.info,+1-274-907-2801x234,"113 Melinda Throughway, East Ralph, OR 39392",Nepal
C-1364,Martin Robinson,09/23/1961,PENDING,alyssapena@hotmail.com,421-017-5096x170,"Unit 1595 Box 9194, DPO AP 42321",Korea
C-1365,Robert Wood,01/30/1965,ACTIVE,amy33@hotmail.com,(056)775-6777,"0256 Reginald Bridge Suite 229, East Cody, NJ 20148",Faroe Islands
C-1366,Alex Myers,04/22/1965,VERIFIED,jameslawson@yahoo.com,(627)051-1579x42387,"0425 Sutton Meadow Apt. 928, Matthewstad, UT 17295",Heard Island and McDonald Islands
C-1367,Kara Smith,10/30/1969,ACTIVE,jasonnguyen@gmail.com,748-595-3259x39933,"58162 Miller Overpass Suite 941, Priceborough, WI 36704",Rwanda
C-1368,Ryan Brown,06/06/1961,BLOCKED,murphymallory@hoffman-bowers.com,598.339.9140x3884,"0443 Kenneth Burgs Suite 157, South Connie, GA 78337",Kenya
C-1369,Ashley Hill,06/06/1963,PENDING,lmitchell@morris.com,5875256806,"59045 Nicole Centers Apt. 711, East Curtis, VT 31304",Bermuda
C-1370,Valerie Morgan,09/24/1972,VERIFIED,vasquezamy@hotmail.com,(628)137-2143x30800,"0033 Stephanie Dam, Marcusfurt, NY 38464",Lithuania
C-1371,Miguel Perry,04/11/1949,ACTIVE,brittanyclark@henry.com,263.280.9448x58623,"3546 Debra Mission Apt. 798, Harrisville, MS 14490",Samoa
C-1372,Christine Wolf,09/18/1994,PENDING,oliviameyers@yahoo.com,039.438.0403x253,"576 Samantha Neck Suite 319, North Melissaton, AL 36445",Venezuela
C-1373,Jeremy Daniel,07/04/1955,PENDING,richardsondebbie@harmon-watson.com,(040)142-4731x07201,"9844 Jacqueline Neck, Lake Heatherborough, MO 89370",Honduras
C-1374,Jonathan Rivas,09/18/1972,ACTIVE,raybradley@chung.com,001-734-043-3700x9687,"5195 Hoover Plains, West Donna, VA 72724",Mauritania
C-1375,Nicholas Reed,06/27/1956,PENDING,taylor54@gmail.com,+1-786-561-9425x57782,"295 Melissa Ports Apt. 361, Gilmorehaven, AZ 68601",Bosnia and Herzegovina
C-1376,Dawn Pierce,11/10/1955,PENDING,tracy55@giles.com,001-561-372-3081,"436 Bryan Plains, Port Jamestown, LA 16370",Cote d'Ivoire
C-1377,Ricardo Jones,11/24/1961,VERIFIED,hendersonmichael@yahoo.com,9456534699,"PSC 9907, Box 0755, APO AE 34026",Reunion
C-1378,Robert Mullins,01/13/1997,PENDING,nbarker@avery-cohen.com,(071)748-1131x7653,"54873 Davis Spur Apt. 908, Jonesburgh, KY 91875",Monaco
C-1379,Tim Valdez,12/19/1947,VERIFIED,wolfetravis@yahoo.com,204-956-1213x7730,"0423 Glenn Prairie, Perezmouth, UT 15717",Bolivia
C-1380,Carlos Irwin,11/01/1985,PENDING,ycrawford@jordan.com,+1-816-704-6861x1145,"10219 Elizabeth Mission, Angelafort, WY 86518",Colombia
C-1381,Audrey Williams,06/05/1958,BLOCKED,dean60@brown-french.com,498.042.5373x37773,"812 Michaela Drive Apt. 781, East Courtney, SC 47912",Wallis and Futuna
C-1382,Dennis Brown,01/15/1974,BLOCKED,kimberly03@barber.com,001-279-862-3984x7169,"120 Ramirez Harbors, Santosmouth, ND 79838",Greece
C-1383,Savannah Harrison,11/05/1977,VERIFIED,taylordavis@yahoo.com,889-144-4498x35539,"58644 Santiago Field Apt. 435, Jamesmouth, NC 23230",British Indian Ocean Territory (Chagos Archipelago)
C-1384,Sherri Little,08/26/1958,VERIFIED,paigepacheco@yahoo.com,674.978.5249,"8601 Lisa Glens, Gibsonside, KY 67494",Mongolia
C-1385,Derek Jarvis,05/24/1987,BLOCKED,alvarezpaul@gmail.com,(215)001-4188,"630 Alejandro Junction, Justinbury, IN 81544",Netherlands Antilles
C-1386,Debra Tran,11/12/2001,PENDING,andrewsilva@jackson.com,+1-902-199-4711,"37922 Joshua Alley Apt. 469, Griffinbury, CO 54048",Rwanda
C-1387,Chris Beasley,07/14/2002,VERIFIED,weaverjoseph@hotmail.com,685.507.8967x9352,"63355 Hill Stravenue Suite 369, Yushire, SD 91934",Bahrain
C-1388,Robert Price,02/21/1968,ACTIVE,bsmith@hotmail.com,616.453.4547x223,"65031 Christopher Square, West Christianview, FL 38925",Cambodia
C-1389,Diana Moon,03/29/1960,PENDING,garrett13@gmail.com,+1-092-487-6230x391,"2817 Cummings Drives, East Kristin, GA 36196",Malawi
C-1390,Kathryn Jacobson,06/14/1971,PENDING,brandonmoore@allen.com,001-473-721-3290,"04787 Pierce Stream Suite 878, Kristinshire, WA 53611",Sao Tome and Principe
C-1391,Timothy Jackson,01/12/2003,BLOCKED,lindaclark@hotmail.com,(419)666-4505x730,"9246 Douglas Forks, Kingfurt, VT 61476",Holy See (Vatican City State)
C-1392,Julie Perry,02/23/1948,VERIFIED,pennylivingston@brooks-bell.biz,+1-619-458-8707x1553,"12840 William Roads, Andrewfurt, RI 60832",Guatemala
C-1393,Dominique Williams,11/01/1979,PENDING,bblake@johnson.org,126.574.2231x96463,"23693 Lloyd Drive Suite 894, North Vickie, AZ 35301",Saint Lucia
C-1394,Mr. John Zavala,08/02/2007,VERIFIED,millersteve@yahoo.com,+1-574-988-5582x984,"06745 Porter Stream, Williamsshire, KS 14459",Swaziland
C-1395,Danny Logan,08/02/2004,VERIFIED,gstein@daniels.biz,001-541-329-7150,"67055 Kyle Oval Suite 693, Jordanbury, IA 80529",Spain
C-1396,Christopher Murphy,04/18/1970,VERIFIED,millerlaura@hernandez.info,200-720-2455,"24510 Vanessa Ridges, Port Sandraburgh, MO 64773",Botswana
C-1397,Eddie Copeland,07/12/1949,BLOCKED,calvinobrien@yahoo.com,(817)934-0652,"8446 Roman Freeway Suite 533, Hernandezberg, CO 08201",Myanmar
C-1398,Brittany Bolton,03/26/1953,VERIFIED,campbellmarvin@riley-higgins.biz,(189)437-0526x35100,"2776 Cole Via Suite 659, North Misty, KS 55000",Bermuda
C-1399,Dr. Charles Henson,12/25/1960,BLOCKED,rebecca26@gmail.com,001-055-955-0178x33258,"999 Ryan Street Apt. 798, Ambermouth, LA 44096",Andorra
C-1400,Mark Conner,12/10/1976,ACTIVE,msloan@hotmail.com,593.744.0394,"303 Allen Alley, Williamsland, KY 70658",Suriname
C-1401,Teresa Smith,10/03/2003,PENDING,crawfordbetty@hotmail.com,+1-841-368-5283x06153,"USS Garcia, FPO AP 96316",Eritrea
C-1402,Eduardo Scott,09/01/1955,PENDING,jessicaward@yahoo.com,881-121-0314x2175,"179 Floyd Knolls Apt. 526, New Sierra, AK 81810",Spain
C-1403,Pamela Gay,09/11/1955,ACTIVE,ethan83@ritter-todd.com,5661863239,"378 Hughes Row, Jameston, NV 25153",Afghanistan
C-1404,Alicia Beck,01/01/1970,BLOCKED,abrady@yahoo.com,121.988.1927x788,"90534 Carter Walks Apt. 042, Lisaberg, MA 54506",Belarus
C-1405,Helen Jimenez,11/30/1994,PENDING,sjohnson@yahoo.com,(128)991-5114,"29391 Brandon Inlet Apt. 898, Rebeccaport, MO 99106",Venezuela
C-1406,Thomas Fisher,06/03/1989,BLOCKED,joyce21@gmail.com,001-017-075-6814,"52291 Thomas Stream, East Joann, TX 67306",Dominican Republic
C-1407,Abigail Mills MD,09/23/1998,BLOCKED,dkelley@clark-estrada.com,452.696.9443x91649,"9342 Lisa Prairie, Lake Johnton, IA 98133",Aruba
C-1408,Melinda Anderson,06/30/1959,BLOCKED,andrewsdenise@hotmail.com,061-537-2215,"8473 Jamie Knoll Apt. 377, Samuelview, NE 61263",Cayman Islands
C-1409,Stephen Brown,11/14/1975,ACTIVE,robertkeith@gmail.com,426-078-1975x4373,"6427 Samuel Dale Apt. 376, New William, DE 35585",Saint Helena
C-1410,David Garcia,04/24/2003,ACTIVE,ksmith@gmail.com,443.899.8278,"8695 Timothy Ferry, Lake Kirkchester, UT 36144",Myanmar
C-1411,James Wilkinson,08/03/1985,BLOCKED,jamescolleen@gmail.com,055-738-5736x80119,"PSC 3603, Box 7681, APO AE 89755",Mayotte
C-1412,Chad Rojas,07/09/1959,VERIFIED,johnsonalexander@hotmail.com,(149)731-5391x14983,"207 Laura Isle Apt. 189, New Joshua, UT 46239",Vietnam
C-1413,Jesse Dominguez,06/25/1946,ACTIVE,contrerasjames@young.com,332.470.7392,"4621 Thomas Avenue, West Austin, TX 55597",Botswana
C-1414,Christopher Jones,11/23/1972,VERIFIED,kperez@reeves-reeves.net,001-957-298-9376,"5493 James Hill Suite 871, Port Heatherton, WA 92286",Marshall Islands
C-1415,Ashley Mendoza,07/13/2006,VERIFIED,holmesamber@lindsey.com,981.388.1588x14458,"67323 April Road, Jonesside, WA 42685",Kuwait
C-1416,Donald Boone,09/09/1946,BLOCKED,deleonkimberly@johnson.com,(911)371-7850,"255 Chambers Underpass, Karenview, CO 72036",Suriname
C-1417,Michael Fernandez,03/11/1964,VERIFIED,hernandezmadison@yahoo.com,905.670.8670x09004,"5158 Moreno Lodge Suite 913, Hernandezview, IN 42659",Heard Island and McDonald Islands
C-1418,Holly Underwood,01/29/1998,VERIFIED,tranbenjamin@yahoo.com,6336998795,"822 Bruce Unions, North Michelleview, NC 16788",Tuvalu
C-1419,Kendra Smith,03/22/1987,VERIFIED,amywells@gmail.com,363.816.4321x26942,"4203 Avila Curve Suite 863, West Susanview, NH 05845",Swaziland
C-1420,Tony Welch,04/25/1955,BLOCKED,katherine02@yahoo.com,558.243.0176,"8988 Kelsey Street Apt. 538, Port Toni, VA 18097",Lao People's Democratic Republic
C-1421,Melissa Nunez,10/13/1967,BLOCKED,gloria04@harris.com,001-538-495-1632x11197,"093 Brittney Roads, South Jay, SD 42839",Czech Republic
C-1422,Jason Johnson,11/17/1949,ACTIVE,uchang@davis-yu.biz,001-880-023-0091x56182,"65774 Morrow Ranch, Lake Rebeccatown, RI 89645",Croatia
C-1423,Leonard Reed,12/07/2004,ACTIVE,collinschad@pitts.org,184-336-8750x9263,"99821 Shannon Isle, Robertland, AZ 91650",Samoa
C-1424,Elizabeth Stone,05/13/1972,VERIFIED,crystal53@walls-patterson.com,112.600.3083x56691,"2715 Cory Extensions, West Priscilla, AR 56834",Madagascar
C-1425,Jessica Rodriguez,04/11/1987,BLOCKED,phines@gmail.com,+1-384-401-3480x873,"8826 Jason Rue, Christinaville, CT 87929",Heard Island and McDonald Islands
C-1426,Michael Obrien,11/19/1947,BLOCKED,prattjustin@gmail.com,7492699969,"489 Davis Pike Suite 285, Walshshire, FL 43801",Monaco
C-1427,Alex Mason,09/19/1965,VERIFIED,pamelarodriguez@phillips.biz,(980)690-8726x1760,"348 Abigail Forges, Elizabethstad, IA 68685",Burundi
C-1428,Kristina Smith,05/14/2000,ACTIVE,merrittsusan@hotmail.com,299-650-8269,"4186 Cooper Roads, Port Jayside, NE 13379",Peru
C-1429,Sonya Miranda,08/01/1999,BLOCKED,tina14@gmail.com,001-468-239-4840x02730,"661 Darryl Track Suite 831, Lake Jamesmouth, AK 06781",Yemen
C-1430,Joseph Salazar,08/27/1963,ACTIVE,crystal15@chavez.net,976.205.3440,"PSC 7794, Box 6207, APO AE 95662",Iraq
C-1431,Jennifer Anderson,12/26/1953,VERIFIED,peterschristopher@yahoo.com,001-760-299-1406x8841,"Unit 3373 Box 1255, DPO AP 22946",Cook Islands
C-1432,Tyler Rodriguez,09/19/1981,BLOCKED,ksmith@garcia.com,638.527.7895,"71844 Watkins Stream, Port Beth, FL 52351",French Polynesia
C-1433,Valerie Davis,05/23/1963,VERIFIED,youngjamie@yahoo.com,678-127-7822,"179 Curtis Fields, Aprilchester, OK 72082",Guam
C-1434,Katherine Simon,12/03/1985,PENDING,katherinedelacruz@gmail.com,+1-318-285-6053,"079 Powell Crest Suite 706, Youngfurt, WI 19708",Tokelau
C-1435,Holly Smith,06/10/1981,VERIFIED,hopkinsgeorge@soto.com,650-587-1469,"219 Mark Locks, Fischerton, OR 70527",Sierra Leone
C-1436,Cynthia Hanson,07/10/1981,VERIFIED,bentondavid@gmail.com,093-869-4842x49598,"145 Garrett Parkways, Riverston, SD 58356",Bermuda
C-1437,Christopher Woodard,12/26/1971,VERIFIED,iwoods@hotmail.com,(097)461-9177,"8299 Wagner Stravenue Apt. 258, South Virginia, WY 84820",Marshall Islands
C-1438,Joseph Ross,04/28/1957,BLOCKED,brett40@kline.biz,001-957-900-1248x2554,"9632 Serrano Ridge Suite 232, Kristinebury, ID 72090",United Arab Emirates
C-1439,Taylor Peterson,11/03/1955,VERIFIED,cohensabrina@gmail.com,+1-572-562-9269,"8951 Michelle Parkways, New Jenniferstad, AK 85150",Liechtenstein
C-1440,Tina Herring,09/02/1982,VERIFIED,bishopkatelyn@hotmail.com,430-349-1891x1797,"593 Leon Corners, Jasonport, MD 38990",Korea
C-1441,Ronald Harris,05/23/1959,PENDING,christine36@luna-sampson.com,675.009.4214,"USS Johnson, FPO AA 23743",Korea
C-1442,Joseph Bright,01/08/1992,BLOCKED,jacobsmary@yahoo.com,4523888562,"660 Shields Prairie Suite 787, Kennethburgh, NM 93051",Guadeloupe
C-1443,Victoria Barry,09/05/1963,PENDING,yoconnell@yahoo.com,001-942-824-9116x502,"USS Khan, FPO AE 20940",Spain
C-1444,Mark Willis,06/04/2004,VERIFIED,mullendavid@lloyd.com,055.708.3682,"4889 Cruz River Suite 273, Colemouth, LA 84799",Isle of Man
C-1445,Aaron Diaz,09/20/1979,BLOCKED,keith18@trujillo.net,231-239-2049,"018 Robert Overpass Apt. 387, Andrewburgh, NJ 53457",Malaysia
C-1446,Mary Thompson,12/11/1956,PENDING,qmarshall@hotmail.com,(847)262-9052x918,"8316 Andrea Falls Suite 172, South Graceborough, WY 94505",Saint Lucia
C-1447,Justin Aguilar,04/26/1957,VERIFIED,hunter29@browning.com,659-143-8823,"PSC 5539, Box 8358, APO AA 35468",Israel
C-1448,Nathaniel Ford,04/04/1995,ACTIVE,evanlong@gmail.com,9544979127,"29271 Brian Gateway Suite 871, South Jean, MD 18625",Morocco
C-1449,Theresa Stone,07/17/1953,PENDING,burnettkaren@taylor.biz,001-083-200-4879x7888,"3585 Joel Place Suite 003, West Tiffanybury, SD 11250",Suriname
C-1450,Rebecca Flores,12/20/1975,BLOCKED,mary23@duncan.com,+1-929-501-4374x8309,"671 Gloria Parks, New Tammyberg, AR 83507",Canada
C-1451,Ashley Moore,08/19/2003,PENDING,qowens@gmail.com,1911166122,"2587 James Road, North Kelly, NE 50345",Guadeloupe
C-1452,Adam White,12/04/1988,PENDING,hernandezkristen@gmail.com,140-868-2509,"94620 Jackie Lakes, Jenniferland, WA 96967",Palau
C-1453,Timothy Baldwin,05/13/1983,PENDING,kimberlysilva@gmail.com,001-137-124-3658x58564,"04120 Veronica Center, Martinezburgh, IN 73577",Lithuania
C-1454,Christopher Harvey,10/21/1974,ACTIVE,lsimmons@gutierrez.com,815-542-0340x3010,"9756 Dean Land Suite 955, Ronaldburgh, KS 63359",Tajikistan
C-1455,Russell King,03/13/1974,BLOCKED,williamsbrian@robles.com,3068317641,"080 Lisa Skyway Suite 712, Port Jennifermouth, AR 61247",Belize
C-1456,Andrew Chavez,06/04/1961,BLOCKED,vmarquez@novak.com,474.362.1300x96258,"6694 Johnson Crest Apt. 533, Mooremouth, NE 52094",Jordan
C-1457,Angela Richards,05/08/1980,BLOCKED,hollyalvarez@brown.biz,(614)590-1107x97714,"388 Lori Port Suite 905, Lake Whitney, MD 23061",Armenia
C-1458,Lee Johnson,10/10/1984,VERIFIED,znoble@hotmail.com,731.379.7166x98416,"PSC 1237, Box 4077, APO AP 35388",Egypt
C-1459,Christopher Morris,02/07/1957,BLOCKED,brandi19@roman-jones.com,(620)370-8782,"20418 Joe Spur Suite 211, Estesside, SC 77525",French Guiana
C-1460,Katie Ochoa,08/03/2002,BLOCKED,tshannon@taylor.com,839.785.7082x00480,"1236 Kevin Lodge Apt. 128, Craigshire, WY 22173",Nepal
C-1461,Kristin Wagner,03/07/1976,ACTIVE,dbeck@yahoo.com,9531419615,"327 Craig Valley Apt. 565, Port Sarahshire, TN 88322",Norway
C-1462,Edward Williams,10/21/1985,VERIFIED,mary66@hotmail.com,496.047.8421,"516 Ernest Knolls, Port Crystal, ND 72159",Brunei Darussalam
C-1463,Walter Choi,08/21/1997,VERIFIED,amanda88@mendez.com,672-879-9160x911,"93592 Jennifer Coves, East Thomas, AL 45292",Colombia
C-1464,Mrs. Dawn Hawkins,01/28/1951,PENDING,kimberly02@yahoo.com,472-419-1650x344,"1771 Isabel Ranch Apt. 880, Murrayside, CT 36086",Belgium
C-1465,Jason Abbott,10/08/1951,VERIFIED,cindy66@gardner-jensen.net,+1-396-987-4869x415,"0119 Jennifer Springs Apt. 075, Lake Sarah, UT 06332",Guernsey
C-1466,John Henderson,03/16/1994,VERIFIED,marissamedina@aguirre.biz,001-218-945-5906x700,"48942 Kelly Lane Suite 489, Reynoldschester, MD 57622",Estonia
C-1467,Robert Velazquez,01/26/1966,ACTIVE,tracy75@hotmail.com,9745338906,"6622 Rogers Highway Apt. 165, Jeremyton, UT 89009",Jamaica
C-1468,Cody Thompson,08/31/1964,BLOCKED,epatterson@douglas.com,+1-160-112-4115x848,"08017 Olson Park Apt. 312, Scotttown, KY 58974",Burkina Faso
C-1469,Jennifer Baker MD,11/28/1999,VERIFIED,thomasdaniel@gmail.com,3843753659,"8525 Gould Extensions, Davidside, WV 30983",Macao
C-1470,David Robles,11/29/1962,VERIFIED,loweruben@delgado-mitchell.info,231-123-2748x97917,"34272 James Village Suite 217, Jenniferside, CA 80027",Slovenia
C-1471,David Williams,01/14/1967,ACTIVE,hughesvirginia@nguyen.net,(493)534-0018,"7848 Megan Key Apt. 444, Josechester, ND 28060",Svalbard & Jan Mayen Islands
C-1472,Heidi Jones,09/01/1985,VERIFIED,jbush@smith.com,912.878.8486,"882 Kevin Island Suite 927, West Maryberg, MS 30981",Argentina
C-1473,Shannon Downs,06/05/1981,VERIFIED,gregory23@hotmail.com,+1-397-283-3912x1870,"328 Jennifer Point, East Dustin, DE 02454",Colombia
C-1474,Stephen Smith,09/20/1991,ACTIVE,hhamilton@gmail.com,8987610814,"40384 Santos Row Apt. 980, Hillside, DC 26058",Germany
C-1475,Sean Chapman,04/09/2001,PENDING,smithjessica@bryant.com,5459671500,"4110 Hendricks Hills Apt. 134, Port Sergiomouth, MO 80994",Svalbard & Jan Mayen Islands
C-1476,Leslie Barton,08/05/1976,PENDING,richardsonanna@jordan.com,826-899-9626x9708,"889 Thomas Springs Suite 915, West Leahchester, MN 59946",Tanzania
C-1477,Jesse Bennett,10/28/1991,VERIFIED,andrewmiller@ibarra-gallagher.com,898.260.4180x952,"USCGC Ward, FPO AP 41704",British Indian Ocean Territory (Chagos Archipelago)
C-1478,Jesus Mccarthy,04/23/1990,VERIFIED,mphillips@bowers.net,+1-824-199-6264x22297,"0454 Daniel Plaza, Erinstad, AZ 42307",Jordan
C-1479,Beth Kirk,04/13/1954,BLOCKED,tyler09@hurley.com,+1-635-640-7232x4728,"400 Todd Run Apt. 247, North Derek, CA 51551",Western Sahara
C-1480,Tammy Norton,01/16/1970,VERIFIED,yjones@hahn-may.com,195-092-7115,"053 Brown Port, East Bradley, CA 56886",Namibia
C-1481,Adrian Krueger,02/06/1962,BLOCKED,anna54@cochran.org,769.893.6529x44716,"827 Linda Valleys, East Rachelland, KS 44054",Aruba
C-1482,Raymond Beck,02/04/1972,PENDING,caseystafford@arellano.com,483.526.8064x860,"98344 Amy Fall Suite 364, Hermanside, MA 44278",Austria
C-1483,Jeremy Hill,01/23/1948,VERIFIED,shane55@gmail.com,(623)920-9085x510,"091 Cory Corner Apt. 786, New Valerietown, MA 39158",Romania
C-1484,Melanie Brown,06/20/1992,VERIFIED,cynthiasullivan@watson.com,001-120-122-7595x002,"51532 Levy Shoal, Scottmouth, NV 37531",Aruba
C-1485,Katherine Hubbard,07/27/1992,ACTIVE,stevenpierce@erickson-lawrence.com,+1-031-006-4934x0391,"03608 Brown Plains Suite 913, Nicoleburgh, MI 45866",Senegal
C-1486,Susan Parks,10/27/1967,VERIFIED,wardchad@russell.org,001-006-968-0186,"0378 Benson Crossroad Apt. 394, Biancastad, IN 03189",Afghanistan
C-1487,Jimmy Blake,04/04/2002,PENDING,mark32@bailey.biz,426-241-7842x90292,"5110 Ashley Row, Combston, IA 01237",Northern Mariana Islands
C-1488,Kimberly Mcintyre,05/21/1979,VERIFIED,alexistanner@gmail.com,667-329-0457,"9212 Collins Locks Apt. 336, Port Alan, FL 60476",Heard Island and McDonald Islands
C-1489,Cody Scott,03/08/1976,BLOCKED,aaronwallace@owen.com,001-802-362-1921x581,"059 Ryan Trail Apt. 863, Martinside, VA 77642",Turkmenistan
C-1490,Paul Vaughn,08/30/1976,VERIFIED,jameszachary@williams.com,893.186.9289x7284,"18227 Aaron Fall Apt. 948, Lake Sara, DC 87334",Yemen
C-1491,David Ramirez,10/23/1977,BLOCKED,jessicamiddleton@hotmail.com,001-116-599-3020x2030,"22775 Heather Cove, West Jennifer, WI 17624",Macao
C-1492,George Williams,11/24/1961,ACTIVE,aaronjoyce@gmail.com,(937)775-6919x832,"291 Fleming Via, South Kennethton, GA 76790",San Marino
C-1493,Colleen Raymond,08/21/1946,VERIFIED,meganharmon@yahoo.com,966-229-1316,"6856 Stevens Terrace, South Jesusfurt, CO 75255",Malawi
C-1494,Heidi Brown,03/15/1984,ACTIVE,kevin07@yahoo.com,(349)339-6504x9627,"2611 Schmitt Glens, Port Robert, WA 45527",Wallis and Futuna
C-1495,Melissa Adams,12/12/1954,ACTIVE,fergusontrevor@clements.biz,(341)996-4338,"47250 Schmidt Fork, West Stacy, AZ 90878",Dominican Republic
C-1496,Michael Diaz,02/20/1990,VERIFIED,ujohnson@yahoo.com,(769)475-7694x535,"Unit 6597 Box 4669, DPO AP 50610",Sri Lanka
C-1497,Daniel Ramirez,01/12/1950,BLOCKED,justin08@odonnell.org,815-269-2559x6647,"74235 Joseph Lights, Port Justinview, ND 76984",Congo
C-1498,Steven Everett,03/21/2000,VERIFIED,kimberly43@pacheco.info,100.817.8522,"USS Richardson, FPO AP 59042",Bermuda
C-1499,Kristin Flores,11/18/1958,BLOCKED,jocelyn26@hotmail.com,447.017.3208x652,"7296 Fleming Lodge Apt. 370, West Rhondaton, SC 92286",Guinea-Bissau
